1,Layton,Espley,lespley0@ucoz.com,725-512-9939,G
2,Stafani,O' Culligan,soculligan1@imdb.com,640-924-7934,G
3,Iver,Sabbins,isabbins2@rediff.com,481-784-7086,G
4,Meris,Houndson,mhoundson3@harvard.edu,145-227-3866,B
5,Minne,Madle,mmadle4@quantcast.com,329-387-6881,S
6,Dan,Domerque,ddomerque5@infoseek.co.jp,689-299-0929,G
7,Alanna,Kubacki,akubacki6@ox.ac.uk,706-744-5957,G
8,Vidovic,Gretton,vgretton7@omniture.com,715-871-2239,G
9,Nikolos,Gobert,ngobert8@npr.org,768-789-7807,S
10,Allegra,Hakey,ahakey9@ebay.com,682-556-9556,S
11,Sibyl,Beckham,sbeckhama@elegantthemes.com,870-921-0172,G
12,Joela,MacRorie,jmacrorieb@wisc.edu,255-101-7402,G
13,Korry,Spatari,kspataric@ameblo.jp,549-714-7292,G
14,Evelin,Palffrey,epalffreyd@oakley.com,358-726-1707,S
15,Alberto,Extence,aextencee@tuttocitta.it,288-583-6032,B
16,Agathe,Guidi,aguidif@princeton.edu,584-748-8807,G
17,Artair,Presdee,apresdeeg@state.tx.us,567-317-8048,G
18,Norri,Vondrak,nvondrakh@twitpic.com,716-853-8046,S
19,Barnard,Seden,bsedeni@alibaba.com,923-872-9134,S
20,Valma,Holgan,vholganj@boston.com,420-329-2226,G
21,Amberly,Trunby,atrunbyk@disqus.com,826-283-6372,G
22,Alva,Monckton,amoncktonl@godaddy.com,609-313-7561,B
23,Alejoa,Matthews,amatthewsm@skype.com,195-239-0206,G
24,Dora,Portlock,dportlockn@artisteer.com,372-537-8861,S
25,Oriana,Gwalter,ogwaltero@github.com,242-739-0395,B
26,Morgana,Marsland,mmarslandp@taobao.com,282-928-4457,S
27,Nicholas,Shropsheir,nshropsheirq@wisc.edu,399-778-9389,S
28,Bertrand,Kidgell,bkidgellr@bandcamp.com,284-521-7548,B
29,Marybeth,Jacks,mjackss@networksolutions.com,310-523-7547,G
30,Fonz,Surgood,fsurgoodt@weebly.com,685-845-8029,B
31,Wenona,Francesch,wfranceschu@google.co.jp,283-975-4918,G
32,Wade,Ambresin,wambresinv@cdc.gov,377-111-2015,G
33,Frederik,Braidman,fbraidmanw@psu.edu,468-618-7785,S
34,Desdemona,Venour,dvenourx@si.edu,721-665-4088,G
35,Patric,Kopman,pkopmany@youku.com,210-422-5269,B
36,Anica,Karpychev,akarpychevz@hhs.gov,624-908-9130,G
37,Loni,Bettenson,lbettenson10@washington.edu,622-685-2014,G
38,Kissiah,Cluley,kcluley11@rediff.com,346-897-9560,G
39,Grace,Bennedick,gbennedick12@state.gov,689-477-4291,B
40,Danella,Lathom,dlathom13@java.com,502-917-6413,G
41,Gerard,Kimmel,gkimmel14@loc.gov,318-574-4545,G
42,Beatriz,M'cowis,bmcowis15@oaic.gov.au,629-325-0688,G
43,Colas,Tanton,ctanton16@weebly.com,748-845-4557,G
44,Camila,Robilliard,crobilliard17@google.ca,463-634-1706,B
45,Eal,Arens,earens18@sitemeter.com,432-116-3144,G
46,Anthe,Hawkridge,ahawkridge19@ezinearticles.com,429-617-3578,B
47,Delilah,Gillfillan,dgillfillan1a@cloudflare.com,759-551-7441,G
48,Nannette,Cubbini,ncubbini1b@boston.com,121-894-0662,B
49,Bruno,Sprigg,bsprigg1c@walmart.com,914-271-6207,B
50,Abner,Wales,awales1d@prnewswire.com,664-538-4100,G
51,Ola,Bows,obows1e@shinystat.com,570-426-8356,B
52,Buddie,Eixenberger,beixenberger1f@yale.edu,749-467-2065,G
53,Roberta,Grenshiels,rgrenshiels1g@gnu.org,981-253-0359,G
54,Tresa,Scurr,tscurr1h@biblegateway.com,299-933-7754,B
55,Brennen,Spyer,bspyer1i@people.com.cn,626-400-4637,G
56,Ashly,Dunkerton,adunkerton1j@bluehost.com,778-537-1432,G
57,Friedrick,Kohlerman,fkohlerman1k@issuu.com,709-518-2563,B
58,Nerte,McAusland,nmcausland1l@sfgate.com,335-558-4095,S
59,Welch,Lerway,wlerway1m@alexa.com,608-601-7219,S
60,Carney,Drakers,cdrakers1n@chronoengine.com,996-154-0923,G
61,Sisile,Muscat,smuscat1o@eventbrite.com,166-213-6269,B
62,Naomi,Vannozzii,nvannozzii1p@wsj.com,694-929-3378,B
63,Larissa,Pettecrew,lpettecrew1q@ft.com,757-901-9752,G
64,Welby,Minghi,wminghi1r@g.co,718-964-0691,B
65,Tamara,Monni,tmonni1s@twitpic.com,820-472-0586,G
66,Codi,Bratten,cbratten1t@wp.com,300-109-1749,B
67,Dodie,Jevons,djevons1u@alibaba.com,600-155-9263,G
68,Arman,Counsell,acounsell1v@guardian.co.uk,501-525-5596,S
69,Monte,Dryburgh,mdryburgh1w@comcast.net,489-418-3165,G
70,Renato,Jozefowicz,rjozefowicz1x@blogtalkradio.com,598-234-2436,S
71,Roxine,Neeves,rneeves1y@amazon.co.jp,863-782-4745,G
72,Doe,Murch,dmurch1z@jimdo.com,402-437-5272,S
73,Micky,Ozelton,mozelton20@sun.com,254-589-6547,G
74,Leda,O'Dowd,lodowd21@washingtonpost.com,351-809-8140,B
75,Obadias,Cicco,ocicco22@fema.gov,713-893-3604,B
76,Reidar,Biffin,rbiffin23@youku.com,934-318-0509,S
77,Claus,Hixley,chixley24@etsy.com,740-580-3993,G
78,Jammal,Checo,jcheco25@hp.com,997-288-5642,S
79,Alvie,Bruneau,abruneau26@cocolog-nifty.com,969-733-3286,G
80,Sidonnie,Pacht,spacht27@dailymail.co.uk,970-333-4352,G
81,Manny,Haxbie,mhaxbie28@europa.eu,950-583-3213,G
82,Ingram,Firk,ifirk29@discovery.com,376-516-2966,G
83,Maurise,Schulze,mschulze2a@xrea.com,554-301-9072,B
84,Jone,Goodlake,jgoodlake2b@bravesites.com,555-361-1960,G
85,Desi,Semkins,dsemkins2c@archive.org,622-661-3153,S
86,Jamal,Danielski,jdanielski2d@goo.gl,271-255-7207,S
87,Lyndy,Rattrie,lrattrie2e@admin.ch,509-702-2979,G
88,Rice,Mintoft,rmintoft2f@house.gov,588-388-4224,B
89,Koressa,Hampson,khampson2g@bloglovin.com,332-432-0381,B
90,Haywood,Shillabear,hshillabear2h@163.com,161-175-1227,G
91,Ree,Deakan,rdeakan2i@ycombinator.com,583-739-9496,G
92,Kingsly,Clifton,kclifton2j@clickbank.net,981-510-9379,S
93,Talbot,Walentynowicz,twalentynowicz2k@opera.com,207-800-5298,G
94,Hillie,Innocent,hinnocent2l@wikispaces.com,444-148-0651,G
95,Anabel,Tonkes,atonkes2m@blogs.com,626-779-3412,G
96,Timoteo,Machin,tmachin2n@blinklist.com,513-210-7241,G
97,Arlen,Beney,abeney2o@smh.com.au,387-914-1132,S
98,Kirsten,Clymer,kclymer2p@cbc.ca,784-112-4638,G
99,Sabra,Wakley,swakley2q@desdev.cn,709-557-2596,S
100,Madelaine,Penreth,mpenreth2r@sina.com.cn,804-353-9860,G
101,Zara,Duckers,zduckers2s@gnu.org,501-372-0105,S
102,Sibby,Muge,smuge2t@google.cn,575-823-2496,G
103,Layney,Larcher,llarcher2u@thetimes.co.uk,913-497-3998,G
104,Jeno,Cordingley,jcordingley2v@sphinn.com,225-188-8333,G
105,Constantin,Brolechan,cbrolechan2w@adobe.com,589-872-6765,G
106,Rici,Rizzotto,rrizzotto2x@stumbleupon.com,512-462-4035,B
107,Benedikt,Playford,bplayford2y@histats.com,438-927-9862,B
108,Melina,Limbert,mlimbert2z@latimes.com,559-837-8793,B
109,Nobie,Hamments,nhamments30@uol.com.br,325-971-7532,G
110,Collen,Duell,cduell31@google.com.br,391-666-7282,S
111,Bale,Peacey,bpeacey32@prnewswire.com,248-766-4064,B
112,Kimberlee,Tison,ktison33@forbes.com,798-876-2616,G
113,Gaspard,Hawthorne,ghawthorne34@ameblo.jp,725-383-4626,B
114,Carney,Howieson,chowieson35@hexun.com,368-353-2693,G
115,Cosmo,Kinrade,ckinrade36@bbb.org,674-765-7532,G
116,Nalani,Rosenqvist,nrosenqvist37@mapy.cz,786-719-7367,B
117,Hanson,Doughty,hdoughty38@slashdot.org,591-917-1787,B
118,Fayth,Edsall,fedsall39@1und1.de,361-316-4046,B
119,Fulvia,Fawdry,ffawdry3a@google.co.uk,451-818-3939,G
120,Casper,Penhall,cpenhall3b@java.com,450-756-8708,B
121,Rockie,Keyzman,rkeyzman3c@storify.com,429-733-5732,S
122,Lavena,Van de Castele,lvandecastele3d@dailymail.co.uk,980-180-1805,G
123,Ennis,Laydon,elaydon3e@reddit.com,575-891-1900,B
124,Hestia,Shickle,hshickle3f@flickr.com,955-118-7637,B
125,Conni,Pumphrey,cpumphrey3g@sourceforge.net,876-709-7820,G
126,Muire,Ostler,mostler3h@mediafire.com,986-851-7886,G
127,Peggy,Magor,pmagor3i@mayoclinic.com,670-173-3350,S
128,Tanney,Habbema,thabbema3j@ftc.gov,357-852-0518,S
129,Lyn,Caffrey,lcaffrey3k@vistaprint.com,112-832-3543,S
130,Rosalia,Keilty,rkeilty3l@discovery.com,851-401-3449,S
131,Nico,Vouls,nvouls3m@themeforest.net,931-953-1556,B
132,Heriberto,Verheijden,hverheijden3n@dropbox.com,842-678-8926,S
133,Eadie,Allibon,eallibon3o@ucoz.com,557-116-0847,G
134,Loretta,holmes,lholmes3p@wufoo.com,460-462-6988,B
135,Beitris,Herkess,bherkess3q@ocn.ne.jp,404-267-8244,S
136,Elena,Botfield,ebotfield3r@sfgate.com,388-341-8543,G
137,Nona,Salasar,nsalasar3s@stanford.edu,740-894-8242,S
138,Eba,Carvill,ecarvill3t@lulu.com,875-983-9956,B
139,Berget,Fiske,bfiske3u@springer.com,549-530-4451,B
140,Heinrik,Jills,hjills3v@hao123.com,679-623-1179,G
141,Rafa,Rootes,rrootes3w@networksolutions.com,447-102-9430,B
142,Karrah,De Witt,kdewitt3x@walmart.com,690-277-0053,G
143,Babette,Corney,bcorney3y@sphinn.com,285-463-1292,G
144,Alexina,Hug,ahug3z@163.com,703-625-9372,B
145,Candice,Jandl,cjandl40@delicious.com,550-672-3503,S
146,Odie,Argile,oargile41@wp.com,349-604-0294,S
147,Alexio,Ackred,aackred42@europa.eu,522-513-3326,B
148,Rica,Proudlove,rproudlove43@ameblo.jp,743-312-7271,S
149,Melly,Gervaise,mgervaise44@ucoz.com,878-287-7571,S
150,Felix,O'Hdirscoll,fohdirscoll45@epa.gov,362-703-4194,G
151,Adrianna,Pavelka,apavelka46@meetup.com,777-541-4896,G
152,Stanford,Hardie,shardie47@godaddy.com,406-942-8294,G
153,Veda,Ikins,vikins48@amazon.de,655-681-7167,B
154,Yoko,Hyndman,yhyndman49@google.com.au,813-385-4642,B
155,Dean,McSporon,dmcsporon4a@geocities.com,454-890-0438,B
156,Marlie,Gores,mgores4b@uiuc.edu,479-758-5691,S
157,Hercules,O' Concannon,hoconcannon4c@bravesites.com,436-294-1372,B
158,Nobie,Treker,ntreker4d@google.de,315-401-7890,B
159,Mae,Belz,mbelz4e@quantcast.com,309-738-0526,G
160,Deeanne,Wallenger,dwallenger4f@ustream.tv,784-530-9665,B
161,Sidonia,Puttrell,sputtrell4g@omniture.com,304-240-6188,G
162,Shina,Gilhooley,sgilhooley4h@army.mil,889-977-7192,G
163,Eadie,Tattershaw,etattershaw4i@narod.ru,425-344-3253,G
164,Alethea,Goddert.sf,agoddertsf4j@t-online.de,963-154-6801,G
165,Charisse,Mogra,cmogra4k@simplemachines.org,884-129-7425,B
166,Boniface,Fransemai,bfransemai4l@reference.com,792-657-1437,G
167,Wolf,Purtell,wpurtell4m@t-online.de,307-968-4641,B
168,Kelcie,Gillbee,kgillbee4n@merriam-webster.com,781-733-5062,B
169,Fraze,Roch,froch4o@bloglovin.com,273-188-2513,B
170,Wynnie,Liddington,wliddington4p@diigo.com,137-415-9927,G
171,Jodi,Palatini,jpalatini4q@census.gov,435-755-1709,G
172,Darell,Skillen,dskillen4r@irs.gov,630-919-4191,B
173,Karlen,Kleingrub,kkleingrub4s@liveinternet.ru,118-216-9273,B
174,Olav,Hearons,ohearons4t@lulu.com,982-699-3727,B
175,Idaline,Biddiss,ibiddiss4u@google.pl,121-573-6495,B
176,Tobey,Mallen,tmallen4v@woothemes.com,207-731-1355,G
177,Deva,Mephan,dmephan4w@clickbank.net,552-407-0266,S
178,Patrizia,Lepick,plepick4x@wordpress.com,602-962-5562,G
179,Bev,Magwood,bmagwood4y@is.gd,531-130-7219,B
180,Sammy,Hargate,shargate4z@usda.gov,916-934-4188,G
181,Corette,Brittian,cbrittian50@wikipedia.org,630-703-6231,G
182,Yasmin,Coultass,ycoultass51@google.co.jp,411-242-8979,G
183,Ambur,Padson,apadson52@yahoo.com,609-614-5513,G
184,Reynolds,Blindmann,rblindmann53@feedburner.com,134-546-7234,G
185,Jacob,Kindred,jkindred54@kickstarter.com,405-123-4252,S
186,Lucius,Tonner,ltonner55@time.com,422-190-0782,G
187,Hetti,Spiniello,hspiniello56@bluehost.com,198-547-4289,G
188,Lazaro,Wharfe,lwharfe57@ucla.edu,955-464-7052,S
189,Justin,Waterstone,jwaterstone58@washingtonpost.com,268-545-9217,G
190,Gabriello,Bolletti,gbolletti59@npr.org,414-365-9925,S
191,Cosmo,Palphramand,cpalphramand5a@rediff.com,993-598-8170,B
192,Maribel,Rabley,mrabley5b@so-net.ne.jp,646-226-5907,G
193,Ellie,Boots,eboots5c@yelp.com,691-601-5015,B
194,Korie,Ferdinand,kferdinand5d@spotify.com,357-472-5351,B
195,Emelita,Pedley,epedley5e@answers.com,371-671-3810,G
196,Willie,Washtell,wwashtell5f@sun.com,435-230-1688,B
197,Zuzana,Brammar,zbrammar5g@woothemes.com,842-518-6102,G
198,Amabel,Bridgement,abridgement5h@va.gov,597-463-5063,G
199,Karole,Cobley,kcobley5i@jigsy.com,619-152-1714,S
200,Aleda,Terrington,aterrington5j@yelp.com,166-253-2930,S
201,Fayre,Tchir,ftchir5k@senate.gov,105-485-3145,S
202,Berkly,McGilleghole,bmcgilleghole5l@furl.net,223-287-9423,G
203,Clo,Gorick,cgorick5m@dmoz.org,275-423-8760,B
204,Robinetta,Glenn,rglenn5n@vinaora.com,241-245-6756,G
205,Constantin,Trever,ctrever5o@twitter.com,865-510-8474,G
206,Kevon,Nice,knice5p@guardian.co.uk,583-694-2543,G
207,Keefer,Muress,kmuress5q@admin.ch,216-673-1842,G
208,Davy,Phettiplace,dphettiplace5r@sfgate.com,679-460-9335,S
209,Clement,Dibden,cdibden5s@about.me,485-315-3463,G
210,Myranda,Moffat,mmoffat5t@google.com.au,899-614-6724,G
211,Marcile,Oriel,moriel5u@nifty.com,599-842-5633,S
212,Geneva,Saint,gsaint5v@howstuffworks.com,656-440-8633,G
213,Papagena,Thalmann,pthalmann5w@shutterfly.com,448-102-2223,B
214,Eldin,Sleeford,esleeford5x@nba.com,380-585-7815,G
215,Olva,Floodgate,ofloodgate5y@engadget.com,903-797-7822,S
216,Hewitt,McGairl,hmcgairl5z@163.com,776-822-8967,G
217,Yolane,Christou,ychristou60@printfriendly.com,208-920-6137,G
218,Dolores,Vasile,dvasile61@cloudflare.com,148-761-9523,G
219,Lexine,Celloni,lcelloni62@privacy.gov.au,206-913-6828,G
220,Luis,Moyce,lmoyce63@nature.com,971-177-9020,B
221,Lane,Carley,lcarley64@addthis.com,661-834-8649,B
222,Jeno,Mordue,jmordue65@shinystat.com,714-547-2395,G
223,Zackariah,Garvie,zgarvie66@oaic.gov.au,153-437-4105,B
224,Carrol,Aitkenhead,caitkenhead67@furl.net,918-974-4976,G
225,Kizzie,Sergent,ksergent68@webeden.co.uk,685-640-4242,B
226,Edouard,Dhenin,edhenin69@biglobe.ne.jp,579-223-8070,G
227,Hercules,Bickerdike,hbickerdike6a@scientificamerican.com,851-827-7767,S
228,Vanda,Andrioni,vandrioni6b@technorati.com,813-566-4721,G
229,Annelise,Bricket,abricket6c@g.co,133-540-2316,B
230,Fannie,Lammin,flammin6d@timesonline.co.uk,910-794-0889,G
231,Marve,Bampkin,mbampkin6e@ebay.co.uk,859-690-2237,G
232,Amity,Jeannenet,ajeannenet6f@businessweek.com,243-574-7203,G
233,Kevin,Joannet,kjoannet6g@house.gov,695-839-5672,G
234,Roseline,Van der Son,rvanderson6h@senate.gov,398-873-0630,G
235,Suzy,Cockerill,scockerill6i@weebly.com,634-998-6398,G
236,Toni,Cleary,tcleary6j@bluehost.com,365-244-2927,G
237,Klara,Sprouls,ksprouls6k@ezinearticles.com,195-185-7802,G
238,Carmine,Pester,cpester6l@slashdot.org,513-790-0900,B
239,Gabe,Vigietti,gvigietti6m@51.la,102-950-4140,G
240,Edie,Derill,ederill6n@vistaprint.com,743-505-6172,G
241,Hamlen,Kingsnod,hkingsnod6o@goo.ne.jp,783-282-1924,G
242,Helaine,Burnall,hburnall6p@yellowbook.com,953-731-2087,G
243,Graig,Murcutt,gmurcutt6q@cafepress.com,268-629-4835,G
244,Eve,Oldcote,eoldcote6r@huffingtonpost.com,349-941-6144,B
245,Augusta,Coultous,acoultous6s@eventbrite.com,695-163-3515,B
246,Merla,Haughian,mhaughian6t@mysql.com,262-968-1133,G
247,Bondie,Crump,bcrump6u@umn.edu,772-593-7180,B
248,Maurie,Kock,mkock6v@jimdo.com,131-854-0629,G
249,Chrissy,Lowten,clowten6w@bloglines.com,331-783-1666,G
250,Rowney,Herries,rherries6x@instagram.com,383-844-9252,B
251,Cherlyn,Grigoroni,cgrigoroni6y@flavors.me,965-703-6957,B
252,Berkly,Sackur,bsackur6z@csmonitor.com,506-516-3432,B
253,Georgia,Hearthfield,ghearthfield70@wikimedia.org,712-590-7628,S
254,Sarine,Danbi,sdanbi71@pcworld.com,342-258-8475,G
255,Yolanthe,Emanueli,yemanueli72@ehow.com,253-213-8172,B
256,Cly,Hannent,channent73@ucoz.ru,306-711-2951,G
257,Ashbey,Barnett,abarnett74@theglobeandmail.com,268-517-9139,G
258,Ivory,Soppett,isoppett75@wunderground.com,275-996-2988,G
259,Reina,Allaway,rallaway76@ted.com,327-230-1022,G
260,Trina,Piken,tpiken77@edublogs.org,391-147-7381,S
261,Tremayne,Pergens,tpergens78@hibu.com,943-474-0722,G
262,Mufinella,Simioli,msimioli79@dmoz.org,668-864-9344,G
263,Rochella,Mendenhall,rmendenhall7a@creativecommons.org,143-561-1775,G
264,Tatiania,McKiddin,tmckiddin7b@ebay.co.uk,918-713-6412,G
265,Ingra,Calcraft,icalcraft7c@wikimedia.org,743-303-8805,G
266,Ruttger,Weekes,rweekes7d@shinystat.com,420-926-4280,G
267,Teodoor,Devenish,tdevenish7e@jiathis.com,795-689-3480,S
268,Huntlee,Ketton,hketton7f@oakley.com,183-110-8961,B
269,Sigmund,Keilloh,skeilloh7g@creativecommons.org,601-445-8880,G
270,Allys,O'Collopy,aocollopy7h@mashable.com,983-229-1606,G
271,Theobald,Oxterby,toxterby7i@addtoany.com,802-794-6900,G
272,Dido,Culbert,dculbert7j@wikimedia.org,756-155-2437,B
273,Chev,Parslow,cparslow7k@edublogs.org,679-870-6544,S
274,Stefanie,Hardan,shardan7l@zdnet.com,183-186-9402,G
275,Hussein,Waistell,hwaistell7m@marriott.com,621-444-4552,G
276,Jemie,Stieger,jstieger7n@cyberchimps.com,168-858-1479,B
277,Ethe,Petett,epetett7o@wired.com,209-986-9750,G
278,Gradeigh,Kerford,gkerford7p@desdev.cn,877-913-3247,G
279,Maritsa,Mullenger,mmullenger7q@storify.com,290-959-7541,B
280,Bryn,Benoey,bbenoey7r@delicious.com,995-597-4525,B
281,Marcia,Johnikin,mjohnikin7s@vinaora.com,407-740-1115,G
282,Darby,Seery,dseery7t@theguardian.com,942-770-6823,B
283,Adella,Kolis,akolis7u@shareasale.com,785-285-5040,G
284,Dewie,Bernardon,dbernardon7v@cam.ac.uk,171-900-7629,G
285,Thor,Wickrath,twickrath7w@chicagotribune.com,906-562-4130,S
286,Desirae,Gerkens,dgerkens7x@odnoklassniki.ru,397-624-1855,S
287,York,Fleming,yfleming7y@quantcast.com,164-432-8847,B
288,Catherine,Merfin,cmerfin7z@pinterest.com,607-475-4515,G
289,Jeffie,Ovey,jovey80@i2i.jp,555-257-7339,S
290,Corty,Cornilli,ccornilli81@un.org,887-483-2369,B
291,Burgess,Carlson,bcarlson82@mail.ru,482-111-0479,B
292,Goran,Jepperson,gjepperson83@devhub.com,777-423-2360,G
293,Eugenio,Tschirasche,etschirasche84@home.pl,502-936-5818,S
294,Jeffrey,Crayker,jcrayker85@utexas.edu,885-223-5520,G
295,Karlis,Lambden,klambden86@yelp.com,836-286-5946,B
296,Alasteir,Cow,acow87@toplist.cz,985-915-0638,G
297,Julian,Matzl,jmatzl88@php.net,957-751-0819,G
298,Tracy,Poole,tpoole89@dailymotion.com,996-301-1873,G
299,Garik,Rastall,grastall8a@vimeo.com,151-399-7043,B
300,Ursala,Roscrigg,uroscrigg8b@uiuc.edu,488-780-1586,S
301,Elnora,Erbain,eerbain8c@sun.com,974-483-9310,S
302,Boyd,Clint,bclint8d@blogs.com,978-776-6798,G
303,Katheryn,Sprosson,ksprosson8e@miibeian.gov.cn,743-142-8857,G
304,Ambros,Cajkler,acajkler8f@whitehouse.gov,307-307-0197,B
305,Tommie,Kuhle,tkuhle8g@e-recht24.de,913-640-2717,G
306,Harlene,Colmore,hcolmore8h@cbslocal.com,448-816-9990,G
307,Darryl,Boni,dboni8i@ox.ac.uk,713-724-7597,S
308,Alexei,Joselevitz,ajoselevitz8j@mozilla.org,852-646-9114,G
309,Caresse,Wison,cwison8k@jalbum.net,704-128-7093,G
310,Robinett,Renehan,rrenehan8l@rediff.com,557-251-0096,G
311,Moina,Poone,mpoone8m@who.int,345-744-7147,G
312,Frederick,Posten,fposten8n@simplemachines.org,904-450-5130,G
313,Raeann,Spadollini,rspadollini8o@paypal.com,265-840-1950,S
314,Alyssa,Impleton,aimpleton8p@biglobe.ne.jp,929-998-6550,B
315,Cobbie,Ruffles,cruffles8q@xrea.com,540-972-4370,G
316,Merridie,Fearnyhough,mfearnyhough8r@guardian.co.uk,820-448-4325,S
317,Roseanne,Tripney,rtripney8s@telegraph.co.uk,451-545-6419,G
318,Catharine,Murcutt,cmurcutt8t@amazonaws.com,179-791-9664,B
319,Jonathan,Pogson,jpogson8u@statcounter.com,327-899-6800,G
320,Man,Knowles,mknowles8v@alexa.com,677-433-7098,B
321,Rodge,Roller,rroller8w@smh.com.au,672-104-6282,S
322,Galvin,Linacre,glinacre8x@skyrock.com,228-367-6126,G
323,Lezley,Pigney,lpigney8y@ca.gov,973-542-6436,B
324,Arabelle,Bremner,abremner8z@issuu.com,500-354-7887,G
325,Lowrance,Berni,lberni90@spotify.com,505-793-0366,S
326,Freedman,Creebo,fcreebo91@lulu.com,603-518-4821,B
327,Karleen,Duesberry,kduesberry92@samsung.com,766-229-2139,B
328,Sukey,Godfree,sgodfree93@buzzfeed.com,602-521-6658,S
329,Liane,Dodamead,ldodamead94@si.edu,897-446-6744,G
330,Fairfax,Crotch,fcrotch95@gov.uk,981-672-9708,G
331,Fara,Hendrich,fhendrich96@ucsd.edu,803-104-5271,G
332,Amandi,Rodger,arodger97@sakura.ne.jp,714-291-4985,G
333,Zackariah,McGilbon,zmcgilbon98@wp.com,814-477-9663,B
334,Leisha,Hustler,lhustler99@plala.or.jp,663-281-6360,S
335,Bernie,Turnell,bturnell9a@desdev.cn,258-848-8247,G
336,Ira,Becks,ibecks9b@myspace.com,266-380-9557,S
337,Quintin,Brumbie,qbrumbie9c@patch.com,839-220-4554,B
338,Danna,Rusbridge,drusbridge9d@flickr.com,540-357-7620,S
339,Arley,Dunbleton,adunbleton9e@pagesperso-orange.fr,498-231-3263,S
340,Ricardo,Oller,roller9f@earthlink.net,919-959-0820,G
341,Florrie,Mantram,fmantram9g@cyberchimps.com,665-680-2634,G
342,Glynnis,Pennycock,gpennycock9h@discovery.com,477-477-5073,B
343,Anjela,Tether,atether9i@redcross.org,297-549-0354,B
344,Phedra,Slaney,pslaney9j@google.com,350-433-2364,G
345,Francene,Tarn,ftarn9k@technorati.com,157-736-6525,G
346,Therese,Rossborough,trossborough9l@archive.org,294-688-2003,G
347,Elvyn,MacKall,emackall9m@amazon.com,873-870-5506,G
348,Karly,Giamitti,kgiamitti9n@nhs.uk,685-919-2063,B
349,Sally,Spire,sspire9o@stumbleupon.com,587-969-2110,G
350,Prudence,Cosgrive,pcosgrive9p@boston.com,233-736-5487,G
351,Sula,Cramp,scramp9q@walmart.com,948-367-0667,G
352,Merrie,Joreau,mjoreau9r@hibu.com,243-621-2069,G
353,Sharron,Othick,sothick9s@ustream.tv,707-932-3644,B
354,Nissa,Zupo,nzupo9t@kickstarter.com,469-467-8154,B
355,Aldo,Duddle,aduddle9u@wiley.com,571-968-5557,G
356,Karon,Allport,kallport9v@hugedomains.com,950-227-4305,G
357,Ami,Halfhyde,ahalfhyde9w@usatoday.com,209-802-9333,G
358,Katine,Burril,kburril9x@amazon.de,574-110-8425,G
359,Ellis,Navein,enavein9y@alexa.com,156-512-2637,S
360,Madelina,Grishakov,mgrishakov9z@independent.co.uk,726-157-6192,G
361,Bernhard,Gillatt,bgillatta0@parallels.com,218-976-5494,B
362,Perry,Maltby,pmaltbya1@nytimes.com,326-710-6839,B
363,Yelena,Dreye,ydreyea2@cyberchimps.com,914-712-6059,G
364,Dacie,Pearmain,dpearmaina3@stumbleupon.com,692-461-2952,G
365,Lila,Campa,lcampaa4@aol.com,434-282-0654,B
366,Joni,Victor,jvictora5@sun.com,311-326-7476,G
367,Rahel,Cranstone,rcranstonea6@dell.com,926-128-5227,G
368,Willis,Terran,wterrana7@nifty.com,346-345-6730,B
369,Perri,Bredes,pbredesa8@mail.ru,136-739-9148,G
370,Opalina,Popescu,opopescua9@apple.com,244-591-4470,G
371,Marcille,Deners,mdenersaa@technorati.com,741-738-8984,S
372,Lockwood,Tunna,ltunnaab@adobe.com,780-734-0523,G
373,Wendi,Bury,wburyac@vimeo.com,830-299-1268,G
374,Robb,Parnham,rparnhamad@jimdo.com,396-386-2410,G
375,Albertina,Hafford,ahaffordae@ucsd.edu,429-767-6452,G
376,Olwen,Bolley,obolleyaf@harvard.edu,691-797-8677,G
377,Sydel,Pindar,spindarag@unc.edu,183-730-2542,G
378,Hersch,Hamlyn,hhamlynah@discovery.com,924-648-3598,S
379,Margit,McMylor,mmcmylorai@apache.org,300-158-3019,G
380,Danit,Feakins,dfeakinsaj@slideshare.net,212-986-4839,G
381,Trixy,Bolens,tbolensak@icio.us,179-189-0032,G
382,Raquela,Durek,rdurekal@unicef.org,945-120-1273,B
383,Sharline,Dungate,sdungateam@harvard.edu,384-879-0028,S
384,Katherina,Shelton,ksheltonan@icio.us,463-208-9588,S
385,Gayler,Helmke,ghelmkeao@adobe.com,647-823-9449,B
386,Brooks,Whatling,bwhatlingap@twitter.com,290-146-6242,B
387,Uriel,Pobjay,upobjayaq@bing.com,968-541-0504,G
388,Ellary,Proudlove,eproudlovear@ihg.com,901-360-5059,G
389,Torrey,Venart,tvenartas@baidu.com,446-131-8913,G
390,Sharona,Hagwood,shagwoodat@narod.ru,138-420-4093,B
391,Sheelagh,Oswald,soswaldau@house.gov,530-361-2650,B
392,Sunny,Bittany,sbittanyav@usa.gov,203-228-8104,G
393,Stuart,Lamyman,slamymanaw@unesco.org,722-711-5951,B
394,Elianora,Meuse,emeuseax@slate.com,936-199-4732,G
395,Ethelbert,M'Quhan,emquhanay@ustream.tv,809-207-2184,G
396,Norma,Salatino,nsalatinoaz@cpanel.net,517-814-0303,S
397,Melania,Sheere,msheereb0@prlog.org,584-578-7161,G
398,Lanna,Ridgeway,lridgewayb1@macromedia.com,823-473-3735,G
399,Page,Boater,pboaterb2@histats.com,164-329-8812,B
400,Tymon,Quadrio,tquadriob3@is.gd,577-595-4646,B
401,Gillan,Pittel,gpittelb4@zdnet.com,845-679-6782,S
402,Hakim,Taunton,htauntonb5@example.com,128-806-1130,G
403,Prudi,Gurling,pgurlingb6@barnesandnoble.com,497-696-9110,G
404,Duke,O'Reilly,doreillyb7@scribd.com,624-378-3308,G
405,Georgiana,Malloy,gmalloyb8@salon.com,758-703-3754,S
406,Denys,Burthom,dburthomb9@is.gd,540-769-4854,B
407,Stanly,Eglinton,seglintonba@accuweather.com,597-459-8490,G
408,Torey,Lorden,tlordenbb@printfriendly.com,320-217-3933,G
409,Gloriana,Peal,gpealbc@oakley.com,429-837-7542,G
410,Addy,Rickhuss,arickhussbd@joomla.org,396-853-7269,S
411,Alia,Yelland,ayellandbe@facebook.com,333-507-0964,G
412,Scarlett,Roberds,sroberdsbf@myspace.com,651-464-1390,G
413,Leda,Trahmel,ltrahmelbg@usnews.com,917-257-3065,S
414,Jess,Tremellier,jtremellierbh@spotify.com,895-292-3186,B
415,Clementine,Menhci,cmenhcibi@ezinearticles.com,543-940-4969,G
416,Jonell,McHugh,jmchughbj@qq.com,144-293-1465,G
417,Gard,Foxcroft,gfoxcroftbk@desdev.cn,227-426-2086,S
418,Kip,Leftwich,kleftwichbl@e-recht24.de,472-705-7024,G
419,Hew,Mallender,hmallenderbm@tmall.com,220-971-5731,G
420,Austin,Schwerin,aschwerinbn@wp.com,423-896-2972,G
421,Nadine,McNerlin,nmcnerlinbo@patch.com,247-387-4755,S
422,Rafaelia,Tampin,rtampinbp@msu.edu,741-816-6348,S
423,Galvan,Brussell,gbrussellbq@drupal.org,813-574-1886,S
424,Fairlie,Lefley,flefleybr@wikimedia.org,747-505-3120,G
425,Burg,Verdon,bverdonbs@springer.com,318-441-0282,G
426,Haily,Standen,hstandenbt@ebay.com,943-607-4394,G
427,Audry,Honniebal,ahonniebalbu@mediafire.com,968-626-6743,G
428,Celestine,Baynom,cbaynombv@webnode.com,187-239-3045,G
429,Alta,Maslin,amaslinbw@hugedomains.com,663-494-5485,G
430,Cassie,Youdell,cyoudellbx@cargocollective.com,388-299-5462,S
431,Benedick,Cottrill,bcottrillby@cbslocal.com,555-164-3385,G
432,Tull,Troth,ttrothbz@joomla.org,772-714-7714,G
433,Lanna,Cazalet,lcazaletc0@toplist.cz,528-812-3891,S
434,Byram,Duiged,bduigedc1@live.com,445-268-0949,B
435,Nana,Gallatly,ngallatlyc2@npr.org,967-599-3591,G
436,Maurizia,Aspole,maspolec3@upenn.edu,633-478-4938,G
437,Dianemarie,Brennans,dbrennansc4@independent.co.uk,825-923-0319,G
438,Wrennie,Ditzel,wditzelc5@feedburner.com,186-368-6003,G
439,Mariquilla,Culvey,mculveyc6@github.io,181-101-5305,G
440,Alain,Baudins,abaudinsc7@amazon.de,875-459-4120,G
441,Bowie,Goodred,bgoodredc8@digg.com,773-648-3432,G
442,Eugenie,Dran,edranc9@bbb.org,250-946-8339,B
443,Jobi,Rawle,jrawleca@statcounter.com,503-214-2756,G
444,Lesley,Heggison,lheggisoncb@de.vu,197-777-9434,G
445,Cassie,Meakin,cmeakincc@nih.gov,677-958-5781,S
446,Rafferty,Vallance,rvallancecd@biblegateway.com,105-738-3050,G
447,Vern,Ianson,viansonce@umich.edu,593-997-4620,G
448,Coleman,Godbehere,cgodbeherecf@weather.com,508-997-9278,G
449,Chrissy,Fronzek,cfronzekcg@jalbum.net,663-765-7594,G
450,Lon,Busfield,lbusfieldch@nbcnews.com,326-887-0262,G
451,Vere,Angel,vangelci@flickr.com,198-227-3036,G
452,Lurline,Devlin,ldevlincj@mashable.com,389-752-9474,G
453,Mariam,Barcke,mbarckeck@adobe.com,426-848-9015,B
454,Raphael,Reedshaw,rreedshawcl@people.com.cn,677-120-6581,G
455,Sheridan,McCluin,smccluincm@reuters.com,662-957-2998,G
456,Darline,Chasmor,dchasmorcn@themeforest.net,404-238-3343,B
457,Bernice,Vasilenko,bvasilenkoco@mysql.com,140-156-8708,G
458,Klara,Collet,kcolletcp@slideshare.net,495-724-6296,G
459,Scotti,Wayper,swaypercq@google.co.jp,228-424-2473,S
460,Dotti,Cantos,dcantoscr@dailymail.co.uk,447-972-2772,G
461,Cahra,Polley,cpolleycs@tamu.edu,283-273-4936,G
462,Samara,Cliburn,scliburnct@google.pl,564-889-0306,G
463,Stacie,Duchan,sduchancu@typepad.com,791-389-6004,S
464,Uriah,Gandy,ugandycv@elpais.com,345-570-5048,S
465,Giulietta,Hubbocks,ghubbockscw@shutterfly.com,413-876-0270,G
466,Hardy,Fealey,hfealeycx@aol.com,843-953-7665,B
467,Al,Zoane,azoanecy@wiley.com,985-678-7887,G
468,Peta,Tallach,ptallachcz@tuttocitta.it,634-666-8889,B
469,Michale,Dullard,mdullardd0@scribd.com,195-628-6914,S
470,Oliver,Hovard,ohovardd1@admin.ch,796-126-4983,G
471,Weston,Fairebrother,wfairebrotherd2@storify.com,207-598-2846,B
472,Grethel,Sterman,gstermand3@google.co.uk,919-229-6240,S
473,Alasteir,Kryska,akryskad4@soup.io,386-150-3576,B
474,Eleonore,Geistbeck,egeistbeckd5@mayoclinic.com,456-653-3971,B
475,Tiffy,Lugg,tluggd6@state.gov,737-431-9729,G
476,Engracia,Awcoate,eawcoated7@ed.gov,772-268-7981,B
477,Constantina,Barbera,cbarberad8@flavors.me,828-453-9542,S
478,Pierre,Fitzsymonds,pfitzsymondsd9@exblog.jp,894-695-1335,G
479,Alexis,Pilch,apilchda@typepad.com,649-219-5644,S
480,Virgilio,Branford,vbranforddb@digg.com,631-310-4243,B
481,Lou,Denisyev,ldenisyevdc@usda.gov,507-353-7493,G
482,Bale,Widdall,bwiddalldd@cloudflare.com,997-873-8525,G
483,Katerine,Ianitti,kianittide@so-net.ne.jp,197-886-1237,G
484,Jacklin,Schechter,jschechterdf@newyorker.com,268-644-1364,G
485,Laurice,Martineau,lmartineaudg@unicef.org,430-741-3450,B
486,Ford,Loddon,floddondh@nba.com,146-218-9844,G
487,Donnell,Athey,datheydi@google.cn,858-322-5755,G
488,Jerri,Canland,jcanlanddj@squarespace.com,583-776-0431,B
489,Terri-jo,Steer,tsteerdk@howstuffworks.com,282-446-8775,G
490,Zorana,Dodd,zdodddl@discuz.net,822-387-6557,S
491,Heindrick,Ainsbury,hainsburydm@illinois.edu,774-475-7755,G
492,Minta,Snedden,msneddendn@alexa.com,858-509-2991,S
493,Raff,Gailor,rgailordo@weather.com,552-509-8966,G
494,Stevy,Wattam,swattamdp@ox.ac.uk,757-985-2285,G
495,Klara,Gilyott,kgilyottdq@alibaba.com,323-576-0363,G
496,Delphine,Tripett,dtripettdr@sina.com.cn,566-720-7414,G
497,Colet,Fitchett,cfitchettds@baidu.com,790-986-4291,G
498,Isidora,Easterby,ieasterbydt@hibu.com,830-917-7395,S
499,Kingsly,Fitzpayn,kfitzpayndu@telegraph.co.uk,273-139-0303,G
500,Maxwell,Langham,mlanghamdv@de.vu,105-817-6987,G
501,Barth,Lubomirski,blubomirskidw@ning.com,738-567-0181,B
502,Adams,Thewlis,athewlisdx@deviantart.com,276-749-6946,G
503,Clareta,Thridgould,cthridgoulddy@umich.edu,395-122-6877,G
504,Sallyann,Goncalo,sgoncalodz@bluehost.com,471-250-7566,B
505,Chalmers,Sainsbury-Brown,csainsburybrowne0@live.com,810-910-3089,S
506,Elvin,Bloxholm,ebloxholme1@uol.com.br,951-278-4219,G
507,Bradly,Whitebrook,bwhitebrooke2@dailymotion.com,638-913-0008,B
508,Ianthe,Amaya,iamayae3@eventbrite.com,821-428-6394,S
509,Ellyn,MacPadene,emacpadenee4@google.com.au,416-428-6189,B
510,Caria,Mattheeuw,cmattheeuwe5@theguardian.com,705-630-3758,S
511,Haley,Billingsley,hbillingsleye6@flickr.com,991-915-0058,S
512,Aundrea,McRorie,amcroriee7@usnews.com,499-282-4617,B
513,Florri,Klemt,fklemte8@wikimedia.org,632-602-4750,G
514,Zorina,Tomet,ztomete9@symantec.com,617-457-8780,G
515,Lorrie,Antyukhin,lantyukhinea@topsy.com,909-703-4449,S
516,Freeland,Westwell,fwestwelleb@opensource.org,196-591-0844,S
517,Laura,Banaszczyk,lbanaszczykec@google.fr,249-126-9081,G
518,Donnajean,Goble,dgobleed@histats.com,459-219-4160,G
519,Erny,Cottill,ecottillee@latimes.com,381-486-3889,B
520,Jodi,Vallantine,jvallantineef@google.com.br,484-358-4798,G
521,Ellyn,Rohlf,erohlfeg@example.com,371-130-1105,G
522,Weidar,McKintosh,wmckintosheh@berkeley.edu,127-284-1706,B
523,Wilt,Frizzell,wfrizzellei@mashable.com,900-409-1749,S
524,Colman,McGuinness,cmcguinnessej@webnode.com,828-261-2379,S
525,Coralie,Arnot,carnotek@opera.com,487-234-6528,B
526,Nertie,Duffil,nduffilel@loc.gov,672-800-5846,B
527,Darla,Welberry,dwelberryem@europa.eu,722-131-9406,B
528,Malena,Skill,mskillen@pen.io,408-791-5878,G
529,Jacquenette,Gane,jganeeo@google.com.br,337-758-7506,G
530,Belva,Turneux,bturneuxep@domainmarket.com,935-107-0905,G
531,Nowell,Ridges,nridgeseq@nsw.gov.au,713-248-3638,S
532,Jim,Wigmore,jwigmoreer@bizjournals.com,148-454-8690,G
533,Quintina,Meanwell,qmeanwelles@bbc.co.uk,766-439-2676,G
534,Francine,Ackroyd,fackroydet@dell.com,361-930-8655,S
535,Tove,Eard,teardeu@dmoz.org,427-156-2621,G
536,Elisabet,Glasard,eglasardev@alexa.com,894-498-4873,S
537,Clarabelle,Perrin,cperrinew@nih.gov,110-535-4633,B
538,Derick,Heninghem,dheninghemex@technorati.com,183-981-6860,B
539,Berte,Rodgerson,brodgersoney@goo.ne.jp,988-767-2768,B
540,Wilton,Ream,wreamez@lulu.com,992-885-5361,B
541,Celestia,Eilhersen,ceilhersenf0@mac.com,852-723-1439,B
542,Auroora,Prosek,aprosekf1@japanpost.jp,502-553-4011,B
543,Reinold,Lounds,rloundsf2@answers.com,312-335-7631,G
544,Benjie,Bothe,bbothef3@cdbaby.com,233-740-7582,G
545,Sonnie,Lewsley,slewsleyf4@discuz.net,728-718-1162,G
546,Marti,McGillacoell,mmcgillacoellf5@reverbnation.com,714-684-4668,B
547,Shalne,Jozefowicz,sjozefowiczf6@wikispaces.com,941-418-7337,G
548,Iolanthe,Jost,ijostf7@usgs.gov,415-581-0721,G
549,Katine,Sunley,ksunleyf8@histats.com,881-665-2609,S
550,Merill,Bedrosian,mbedrosianf9@ca.gov,734-106-9122,S
551,Hettie,Wawer,hwawerfa@etsy.com,750-551-1836,G
552,Andres,Weddup,aweddupfb@blogs.com,477-781-4236,B
553,Lorry,Batchan,lbatchanfc@uol.com.br,676-476-3414,G
554,Ferdinand,Burrage,fburragefd@myspace.com,898-558-3492,G
555,Eric,Bassano,ebassanofe@mlb.com,723-410-9042,G
556,Rafa,Dain,rdainff@drupal.org,761-763-4016,S
557,Nonna,Correa,ncorreafg@arstechnica.com,843-909-3755,G
558,Waverly,Geekie,wgeekiefh@ucsd.edu,166-377-5037,G
559,Nikki,Blaze,nblazefi@hugedomains.com,548-321-7598,G
560,Nikola,Clyne,nclynefj@163.com,885-527-6306,G
561,Lottie,Crombie,lcrombiefk@alibaba.com,939-801-2379,G
562,Armando,Slocom,aslocomfl@nih.gov,172-548-3147,B
563,Neely,Dana,ndanafm@hud.gov,314-281-4990,S
564,Corrinne,Delhay,cdelhayfn@harvard.edu,532-994-6135,G
565,Nicolai,Acome,nacomefo@paypal.com,636-521-3751,G
566,Gardie,Pritty,gprittyfp@nih.gov,727-771-9246,G
567,Julee,Mudie,jmudiefq@myspace.com,640-304-8925,G
568,Roy,Knee,rkneefr@reverbnation.com,887-945-2186,S
569,Jordana,Burgot,jburgotfs@friendfeed.com,328-294-7355,G
570,Conrado,Crolly,ccrollyft@ask.com,590-388-6250,S
571,Keriann,Okill,kokillfu@google.co.uk,824-814-8996,S
572,Berny,Lovemore,blovemorefv@edublogs.org,666-808-0794,G
573,Luther,McSporon,lmcsporonfw@github.com,405-930-6286,B
574,Amelita,Kinloch,akinlochfx@smh.com.au,686-641-5878,S
575,Kerianne,Neillans,kneillansfy@imdb.com,834-214-7198,B
576,Timothea,Huckell,thuckellfz@comcast.net,151-288-5385,G
577,Maximilianus,Risbridge,mrisbridgeg0@canalblog.com,463-123-9312,B
578,Stanleigh,Book,sbookg1@telegraph.co.uk,660-668-7634,B
579,Natasha,Semiras,nsemirasg2@hexun.com,842-298-7253,S
580,Bard,Bullick,bbullickg3@histats.com,519-390-6889,S
581,Phillie,Harbard,pharbardg4@soup.io,638-453-2430,G
582,Roman,Tiler,rtilerg5@last.fm,822-552-0791,G
583,Deni,Shefton,dsheftong6@go.com,758-669-8694,B
584,Ali,McCrudden,amccruddeng7@oracle.com,639-101-2364,S
585,Sharai,Regardsoe,sregardsoeg8@nih.gov,190-119-2805,G
586,Coriss,Riall,criallg9@vinaora.com,490-350-6942,G
587,Ekaterina,Joris,ejorisga@hugedomains.com,968-300-3393,G
588,Brunhilda,Maruska,bmaruskagb@joomla.org,349-722-1390,B
589,Miriam,Hartnell,mhartnellgc@seesaa.net,622-278-3123,B
590,Kayley,Penni,kpennigd@simplemachines.org,545-882-1713,S
591,Mackenzie,Tudhope,mtudhopege@a8.net,740-595-3829,S
592,Elana,Tiddeman,etiddemangf@constantcontact.com,166-251-9416,G
593,Sylvan,Denk,sdenkgg@unicef.org,263-487-4422,S
594,Germain,Clifft,gclifftgh@hc360.com,547-445-8309,B
595,Job,Haughey,jhaugheygi@tripadvisor.com,972-438-8041,B
596,Tod,Ebbrell,tebbrellgj@sina.com.cn,812-462-4349,S
597,Shurlocke,Fillon,sfillongk@whitehouse.gov,954-725-7349,G
598,Regan,Suero,rsuerogl@merriam-webster.com,221-596-2734,B
599,Carmelina,Clethro,cclethrogm@nba.com,964-906-8911,G
600,Linn,Carme,lcarmegn@theglobeandmail.com,532-339-7666,B
601,Shawn,Offener,soffenergo@gmpg.org,804-582-5725,S
602,Ruby,Welbourn,rwelbourngp@hatena.ne.jp,909-331-4703,G
603,Tamqrah,Lamswood,tlamswoodgq@indiegogo.com,158-857-9044,B
604,Daphene,Jarrel,djarrelgr@youku.com,649-858-4372,B
605,Gussie,Fishbourn,gfishbourngs@1und1.de,988-291-1695,S
606,Maryann,Cadreman,mcadremangt@skyrock.com,445-685-8187,B
607,Alexandra,Miguel,amiguelgu@addtoany.com,380-502-3203,B
608,Rurik,Sieghart,rsieghartgv@utexas.edu,668-233-7828,B
609,Marlow,Fosdyke,mfosdykegw@tumblr.com,724-203-3242,G
610,Henriette,Kirkup,hkirkupgx@amazon.co.jp,580-264-9914,B
611,Clareta,Mapstone,cmapstonegy@flavors.me,468-740-5347,S
612,Farr,Conisbee,fconisbeegz@nationalgeographic.com,217-421-1895,B
613,Aland,Gregorowicz,agregorowiczh0@usatoday.com,758-709-3741,G
614,Nonie,Gounel,ngounelh1@amazonaws.com,764-313-2334,G
615,Rafe,Levee,rleveeh2@nbcnews.com,677-419-1244,G
616,Pollyanna,Wyldes,pwyldesh3@ycombinator.com,152-886-1275,G
617,Aaron,Dane,adaneh4@soundcloud.com,456-780-0934,G
618,Harlen,Grist,hgristh5@businesswire.com,820-869-0026,B
619,Joye,Kefford,jkeffordh6@arizona.edu,247-332-8584,B
620,Vernor,Whife,vwhifeh7@accuweather.com,571-740-5289,S
621,Jeromy,Muscat,jmuscath8@smh.com.au,891-833-4369,G
622,Jock,Fincken,jfinckenh9@nationalgeographic.com,365-366-9229,G
623,Peri,Bramsen,pbramsenha@amazonaws.com,593-879-7507,S
624,Patric,Rockliffe,prockliffehb@tuttocitta.it,631-482-0786,G
625,Margret,Bazoche,mbazochehc@businesswire.com,110-907-9905,G
626,Myrlene,Maeer,mmaeerhd@gmpg.org,615-370-1526,B
627,Nydia,Van der Krui,nvanderkruihe@simplemachines.org,622-343-5526,B
628,Clayborne,Crosher,ccrosherhf@cafepress.com,606-547-8690,G
629,Eleni,Davidai,edavidaihg@hud.gov,323-970-0232,G
630,Derby,Ochterlony,dochterlonyhh@redcross.org,417-593-4568,G
631,Nevsa,Vandenhoff,nvandenhoffhi@ox.ac.uk,833-866-8638,G
632,Joli,Dumelow,jdumelowhj@smh.com.au,536-488-3089,S
633,Niles,Jovicevic,njovicevichk@bigcartel.com,848-144-1932,B
634,Jory,Pickston,jpickstonhl@wp.com,626-854-9544,G
635,Kristal,Zoppo,kzoppohm@example.com,787-167-7871,G
636,Joelly,Robertucci,jrobertuccihn@imageshack.us,963-319-0664,G
637,Broddy,Izzard,bizzardho@hexun.com,925-341-7414,S
638,Hermy,Dockree,hdockreehp@topsy.com,592-178-7729,S
639,Gun,Tiuit,gtiuithq@telegraph.co.uk,373-730-0651,B
640,Gaultiero,Richards,grichardshr@eventbrite.com,992-432-6920,S
641,Gleda,Badman,gbadmanhs@deliciousdays.com,233-221-3826,B
642,Andrej,Rarity,ararityht@barnesandnoble.com,307-646-5398,S
643,Jazmin,Fanner,jfannerhu@taobao.com,291-922-8022,S
644,Adena,Marron,amarronhv@vkontakte.ru,342-375-2850,G
645,Lindon,Fasse,lfassehw@unicef.org,562-143-6258,B
646,Ruttger,Klimochkin,rklimochkinhx@skyrock.com,368-779-3105,B
647,Rosina,Gooble,rgooblehy@dedecms.com,705-580-7359,S
648,Arlene,Gonnel,agonnelhz@fema.gov,397-966-7730,S
649,Edmon,Winspire,ewinspirei0@etsy.com,360-306-5546,S
650,Yettie,Van Oord,yvanoordi1@tmall.com,353-994-3138,B
651,Forester,Michelotti,fmichelottii2@wikia.com,304-631-1472,G
652,Christie,Kelmere,ckelmerei3@hubpages.com,427-774-1895,S
653,Adolf,Whitney,awhitneyi4@yale.edu,581-340-5840,B
654,Durante,Hollier,dhollieri5@google.nl,494-826-1955,S
655,Vonny,Gresswood,vgresswoodi6@indiatimes.com,334-511-2489,B
656,Anastasie,Hamper,ahamperi7@state.gov,503-338-1724,S
657,Brandea,Sheffield,bsheffieldi8@mac.com,448-901-9543,G
658,Jean,Silkston,jsilkstoni9@webeden.co.uk,138-201-9619,S
659,Kendra,Allpress,kallpressia@baidu.com,262-112-2517,S
660,Eleanora,Lemmens,elemmensib@opensource.org,813-998-3574,B
661,Maje,Janny,mjannyic@who.int,825-152-0157,S
662,Elena,Rand,erandid@instagram.com,990-468-7477,G
663,Sidoney,Duckhouse,sduckhouseie@xrea.com,305-679-6798,G
664,Kristopher,Wrate,kwrateif@plala.or.jp,998-341-6575,B
665,Gabriellia,Lyver,glyverig@usa.gov,306-388-1463,S
666,Dreddy,Davie,ddavieih@reference.com,465-525-3602,G
667,Wilow,Vockins,wvockinsii@dot.gov,962-293-2569,G
668,Alla,Hurich,ahurichij@wordpress.org,463-179-2463,S
669,Kevyn,Mocquer,kmocquerik@ezinearticles.com,758-875-9264,G
670,Kalina,Langlois,klangloisil@yellowbook.com,225-251-9917,B
671,Cindy,Ellerington,celleringtonim@is.gd,986-192-4378,B
672,Giulia,Reynish,greynishin@opera.com,246-379-6069,G
673,Louella,Offener,loffenerio@whitehouse.gov,724-324-4149,B
674,Cortie,Walkey,cwalkeyip@yellowpages.com,360-671-1571,G
675,Brok,Oubridge,boubridgeiq@facebook.com,506-629-6748,S
676,Aloysius,Coakley,acoakleyir@altervista.org,685-248-2577,B
677,Appolonia,Duffett,aduffettis@cafepress.com,679-688-8295,B
678,Yorgo,Strapp,ystrappit@dot.gov,872-580-2469,S
679,Alfredo,Bocking,abockingiu@cyberchimps.com,515-157-2449,G
680,Tymothy,Birdall,tbirdalliv@huffingtonpost.com,161-775-3465,B
681,Hasty,Eburne,heburneiw@webnode.com,786-870-2617,B
682,Anabelle,Larimer,alarimerix@cbc.ca,192-656-3473,S
683,Roselle,Perigeaux,rperigeauxiy@1und1.de,849-745-6727,S
684,Andres,Fould,afouldiz@zimbio.com,630-306-6218,B
685,Anthia,Viles,avilesj0@xing.com,514-690-7595,G
686,Rudy,Belone,rbelonej1@posterous.com,202-641-1259,S
687,Maury,Godleman,mgodlemanj2@hp.com,297-888-4259,B
688,Walt,Paddon,wpaddonj3@blinklist.com,906-761-3533,G
689,Desi,Shernock,dshernockj4@bluehost.com,271-150-4784,S
690,Stacee,Warder,swarderj5@tinypic.com,233-433-9165,B
691,Neda,Sillett,nsillettj6@timesonline.co.uk,695-411-2839,G
692,Ashia,Servante,aservantej7@typepad.com,819-912-5233,G
693,Tonia,Matias,tmatiasj8@google.pl,484-714-5624,G
694,Lelah,Perri,lperrij9@zimbio.com,212-422-6750,S
695,Monique,Bodimeade,mbodimeadeja@cnn.com,289-993-8785,G
696,Maddi,Bartalin,mbartalinjb@ustream.tv,332-988-9985,G
697,Meredithe,Brobak,mbrobakjc@google.com,599-446-3882,S
698,Hynda,Bernini,hberninijd@eepurl.com,888-274-9975,G
699,Cicily,Ygoe,cygoeje@newyorker.com,777-909-5678,G
700,Geno,Musgrave,gmusgravejf@blogs.com,841-408-8623,G
701,Lenard,Nawton,lnawtonjg@senate.gov,477-410-5736,B
702,Rickard,Rubertelli,rrubertellijh@slashdot.org,175-628-3358,B
703,Amalee,Morin,amorinji@walmart.com,278-680-1142,S
704,Gerri,Charlesworth,gcharlesworthjj@wikipedia.org,327-653-0470,B
705,Agneta,Dimitriades,adimitriadesjk@vinaora.com,639-835-6838,B
706,Obadias,Caile,ocailejl@gravatar.com,351-649-8680,G
707,Noreen,Pilbeam,npilbeamjm@samsung.com,588-108-1442,B
708,Corry,Mallaby,cmallabyjn@gravatar.com,869-480-1442,G
709,Montague,Cecil,mceciljo@free.fr,714-981-1029,G
710,Mari,Hardstaff,mhardstaffjp@sphinn.com,671-572-6666,G
711,Obidiah,Dinnage,odinnagejq@forbes.com,494-896-9568,G
712,Sergei,Milella,smilellajr@wix.com,491-321-5900,G
713,Clara,Purviss,cpurvissjs@cisco.com,808-876-5403,G
714,Hetty,Paddemore,hpaddemorejt@blog.com,463-394-3940,S
715,Jose,Spurgin,jspurginju@cpanel.net,929-416-8888,G
716,Anneliese,Detloff,adetloffjv@buzzfeed.com,283-166-5669,B
717,Babb,Celiz,bcelizjw@networkadvertising.org,224-673-9778,S
718,Cherianne,Rawne,crawnejx@nifty.com,137-142-2217,G
719,Ilysa,Strase,istrasejy@vistaprint.com,432-627-9413,B
720,Carolyne,Depport,cdepportjz@yandex.ru,101-836-1781,S
721,Rayna,Troyes,rtroyesk0@ibm.com,318-289-9513,G
722,Marsha,Vasilchikov,mvasilchikovk1@virginia.edu,623-440-4730,S
723,Eliot,Brealey,ebrealeyk2@wix.com,521-373-7240,G
724,Thor,Choake,tchoakek3@google.ru,848-273-6877,G
725,Yankee,Wilbor,ywilbork4@ameblo.jp,914-831-0027,B
726,Deva,Moakes,dmoakesk5@hc360.com,822-144-4056,G
727,Jarrod,Bentinck,jbentinckk6@sun.com,713-441-4079,G
728,Sonya,Harpin,sharpink7@delicious.com,306-868-7412,B
729,Raynell,Yitzhakov,ryitzhakovk8@webs.com,476-726-8785,S
730,Nani,Badsworth,nbadsworthk9@prlog.org,414-522-5408,G
731,Bernelle,Benezeit,bbenezeitka@linkedin.com,692-244-4448,B
732,Cristina,Veivers,cveiverskb@paypal.com,924-609-2947,G
733,Vere,Maynell,vmaynellkc@gravatar.com,225-165-5235,B
734,Vernon,Nary,vnarykd@mozilla.com,463-602-6542,S
735,Orville,Kolodziejski,okolodziejskike@imgur.com,216-762-7499,G
736,Leta,De Blasiis,ldeblasiiskf@rambler.ru,661-110-5918,S
737,Morgan,Vankin,mvankinkg@creativecommons.org,305-463-3939,S
738,Burgess,Jiroutek,bjiroutekkh@yale.edu,358-171-4134,G
739,Gusty,Wimlet,gwimletki@usda.gov,779-738-0941,G
740,Ana,Kingdon,akingdonkj@scientificamerican.com,128-885-6605,S
741,Chico,Goodread,cgoodreadkk@shinystat.com,282-282-0762,G
742,Jakie,Sudlow,jsudlowkl@europa.eu,669-313-7743,G
743,Ilise,Rushmare,irushmarekm@ehow.com,538-146-5848,S
744,Reggy,Bottle,rbottlekn@moonfruit.com,149-673-0114,B
745,Augustin,Kellert,akellertko@tamu.edu,787-701-6172,G
746,Ronnie,Piesing,rpiesingkp@barnesandnoble.com,157-859-7486,S
747,Wilma,Abramin,wabraminkq@blogs.com,463-163-2588,S
748,Saunder,Yannikov,syannikovkr@lycos.com,797-329-0540,G
749,Dalli,Brownsill,dbrownsillks@ucoz.ru,787-844-9963,G
750,Jules,Linbohm,jlinbohmkt@phoca.cz,847-448-6601,S
751,Bronnie,Garmston,bgarmstonku@cbsnews.com,310-992-6807,G
752,Uriah,Gare,ugarekv@pcworld.com,985-367-9469,G
753,Roley,Antalffy,rantalffykw@noaa.gov,650-690-3903,S
754,Yettie,Baddow,ybaddowkx@bloomberg.com,315-741-1363,B
755,Evaleen,Cressor,ecressorky@jugem.jp,807-568-8394,S
756,Phyllis,Salasar,psalasarkz@google.it,299-104-8368,G
757,Valli,Gillani,vgillanil0@gnu.org,830-729-6981,S
758,Husain,Ibotson,hibotsonl1@irs.gov,561-466-5554,G
759,Aridatha,Caselick,acaselickl2@alibaba.com,397-939-3792,G
760,Melania,Clowley,mclowleyl3@liveinternet.ru,930-686-7803,S
761,Alleen,Fairclough,afaircloughl4@ebay.co.uk,342-195-0237,B
762,Constantina,Howison,chowisonl5@vkontakte.ru,414-766-1522,G
763,Sandor,Rae,srael6@unicef.org,876-548-9591,B
764,Denny,Pegg,dpeggl7@google.es,147-734-6071,G
765,Erena,Atmore,eatmorel8@twitpic.com,727-257-9278,B
766,Xerxes,Spilsburie,xspilsburiel9@cbslocal.com,600-201-5924,S
767,Justino,Martino,jmartinola@webmd.com,720-824-8334,B
768,Asa,Rodman,arodmanlb@amazon.co.uk,815-764-8651,G
769,Emmalyn,Runciman,eruncimanlc@360.cn,313-481-0820,B
770,Noel,Ferry,nferryld@vistaprint.com,600-402-5164,S
771,Clarita,Mapledoore,cmapledoorele@indiatimes.com,384-889-4380,B
772,Carlyn,Kingett,ckingettlf@dion.ne.jp,250-172-7643,S
773,Natalya,Paulin,npaulinlg@cdbaby.com,163-509-2343,B
774,Guss,Butfield,gbutfieldlh@fotki.com,674-133-2296,G
775,Hank,Fuller,hfullerli@desdev.cn,407-935-6313,G
776,Orelie,Kingsland,okingslandlj@topsy.com,613-500-5303,S
777,Malachi,Woolston,mwoolstonlk@stumbleupon.com,467-422-3183,B
778,Aryn,Cordall,acordallll@paginegialle.it,971-717-2446,G
779,Katalin,Signe,ksignelm@bing.com,579-462-0958,G
780,Nanete,Halshaw,nhalshawln@shareasale.com,661-924-6704,G
781,Zelig,Lethley,zlethleylo@booking.com,955-274-3083,S
782,Nichols,Briars,nbriarslp@umn.edu,333-422-1482,G
783,Ade,Shervil,ashervillq@shinystat.com,235-457-2917,S
784,Alister,Poxon,apoxonlr@patch.com,591-842-2234,S
785,Lina,Butland,lbutlandls@gravatar.com,481-642-4136,G
786,Law,Troke,ltrokelt@bloomberg.com,129-978-7599,S
787,Francis,Molian,fmolianlu@geocities.com,545-100-7101,S
788,Juieta,Hardeman,jhardemanlv@twitter.com,381-167-7999,S
789,Hewett,Blunsum,hblunsumlw@theatlantic.com,532-416-1712,S
790,Kial,Annandale,kannandalelx@wikispaces.com,494-455-1338,S
791,Josefina,Bury,jburyly@google.com.au,865-207-2430,G
792,Lutero,Favey,lfaveylz@marriott.com,622-615-0299,S
793,Maryjane,Raphael,mraphaelm0@simplemachines.org,902-143-6423,G
794,Zachery,Teece,zteecem1@wikimedia.org,668-923-5960,G
795,Jefferey,Cumpton,jcumptonm2@bandcamp.com,523-224-1388,S
796,Ellwood,Satcher,esatcherm3@mapy.cz,899-603-7142,B
797,Harvey,McUre,hmcurem4@comsenz.com,637-156-1080,S
798,Andreana,Matthai,amatthaim5@bizjournals.com,446-393-7348,B
799,Dulcie,Thirlwell,dthirlwellm6@wikipedia.org,927-515-5280,S
800,Magnum,Kohter,mkohterm7@sogou.com,818-137-2135,B
801,Mimi,Sivewright,msivewrightm8@hhs.gov,987-490-4552,S
802,Vittorio,Feary,vfearym9@irs.gov,235-515-9736,G
803,Emalia,Needham,eneedhamma@acquirethisname.com,576-828-0690,B
804,Aubert,Wearden,aweardenmb@devhub.com,284-499-3629,G
805,Aldo,Joderli,ajoderlimc@yolasite.com,293-917-9030,B
806,Drucy,Bernlin,dbernlinmd@stanford.edu,934-828-8820,G
807,Cicily,Jellis,cjellisme@topsy.com,167-139-1574,S
808,Jennica,Etchells,jetchellsmf@vinaora.com,330-969-4778,G
809,Paco,Loade,ploademg@istockphoto.com,124-771-1166,S
810,Tana,Mcasparan,tmcasparanmh@cpanel.net,738-826-8477,S
811,Biddie,Robers,brobersmi@europa.eu,355-290-3014,G
812,Eldon,Coupar,ecouparmj@europa.eu,990-648-4811,G
813,Dominik,Good,dgoodmk@vkontakte.ru,104-995-1178,G
814,Jock,Brookhouse,jbrookhouseml@oracle.com,946-811-6607,G
815,Lorrie,Blinde,lblindemm@usgs.gov,963-158-0641,S
816,Klara,Quemby,kquembymn@geocities.com,417-614-8277,G
817,Chevalier,Martusov,cmartusovmo@icio.us,196-263-0862,G
818,Tootsie,Westmoreland,twestmorelandmp@twitter.com,895-514-8311,S
819,Nariko,Ouver,nouvermq@wufoo.com,695-991-5572,G
820,Cairistiona,Luard,cluardmr@so-net.ne.jp,439-132-1076,B
821,Eustacia,Tieman,etiemanms@seattletimes.com,779-415-4109,G
822,Shelley,Laxston,slaxstonmt@yale.edu,634-175-7079,G
823,Carlo,Boman,cbomanmu@tiny.cc,259-684-8420,G
824,Hurlee,Venable,hvenablemv@weather.com,758-521-5395,B
825,Harriott,Mitchinson,hmitchinsonmw@ifeng.com,938-560-9853,S
826,Alissa,Van Der Straaten,avanderstraatenmx@github.io,117-186-8699,B
827,Timotheus,Secker,tseckermy@home.pl,267-411-9487,B
828,Nyssa,O' Mullane,nomullanemz@slideshare.net,969-705-4154,S
829,Edvard,Ruspine,eruspinen0@mtv.com,338-364-5984,G
830,Mitchel,Bathurst,mbathurstn1@vk.com,767-174-8310,G
831,Curry,Robathon,crobathonn2@ehow.com,353-933-2673,G
832,Cristine,Hydes,chydesn3@uol.com.br,970-554-9263,G
833,Mel,Dashper,mdashpern4@artisteer.com,274-490-0870,G
834,Boycie,Gilliatt,bgilliattn5@virginia.edu,905-467-7519,G
835,Jackie,Barlie,jbarlien6@google.fr,645-915-2314,G
836,Lyle,Burmaster,lburmastern7@arstechnica.com,386-174-2504,G
837,Arlee,Elis,aelisn8@studiopress.com,444-170-6002,S
838,Annissa,Cadalleder,acadalledern9@privacy.gov.au,582-252-3673,G
839,Brianna,Sawden,bsawdenna@businessinsider.com,356-627-4410,G
840,Sasha,Braksper,sbrakspernb@google.de,469-452-6701,G
841,Nickey,Hayball,nhayballnc@webmd.com,589-832-7111,G
842,Leah,Zanussii,lzanussiind@quantcast.com,601-187-0838,G
843,Donny,Wanderschek,dwanderschekne@mediafire.com,916-308-2709,S
844,Dicky,Stillwell,dstillwellnf@hhs.gov,798-231-1834,B
845,Gloria,Colter,gcolterng@dmoz.org,414-824-0423,B
846,Gusty,Adamowicz,gadamowicznh@theglobeandmail.com,791-377-3610,G
847,Delaney,Budcock,dbudcockni@statcounter.com,659-508-5426,S
848,Katy,Vinck,kvincknj@typepad.com,375-512-4321,S
849,Elias,Peasegood,epeasegoodnk@meetup.com,169-509-9302,G
850,Mabelle,Ockwell,mockwellnl@oracle.com,815-306-0821,S
851,Greggory,McKiddin,gmckiddinnm@marketwatch.com,688-123-6691,B
852,Hayyim,Glossup,hglossupnn@google.it,930-537-5494,G
853,Tammie,Raincin,traincinno@php.net,570-378-9587,B
854,Cleo,Ausello,causellonp@umn.edu,187-978-0661,S
855,Geoffry,Oiller,goillernq@nih.gov,429-184-7726,S
856,Cary,Martynikhin,cmartynikhinnr@technorati.com,681-880-2178,B
857,Olwen,Huggen,ohuggenns@plala.or.jp,223-725-0204,G
858,Nadiya,Maskelyne,nmaskelynent@is.gd,417-860-8671,G
859,Lucilia,Charlesworth,lcharlesworthnu@usa.gov,966-729-8228,B
860,Darius,Maddy,dmaddynv@tmall.com,118-896-9842,G
861,Rand,Fargher,rfarghernw@businessweek.com,109-333-9731,G
862,Opaline,Houtbie,ohoutbienx@auda.org.au,219-578-3437,G
863,Belvia,Delong,bdelongny@123-reg.co.uk,238-258-1820,S
864,Cindie,Oakinfold,coakinfoldnz@jiathis.com,552-895-9081,S
865,Seward,Wisker,swiskero0@wordpress.org,831-264-6814,G
866,Kinsley,Tweedell,ktweedello1@nytimes.com,555-484-3852,G
867,Errol,Maudett,emaudetto2@wikimedia.org,821-221-9468,B
868,Bronny,Tavner,btavnero3@weather.com,463-297-3248,B
869,Cassandry,Stansell,cstansello4@feedburner.com,698-977-0406,S
870,Lenee,Leidl,lleidlo5@home.pl,493-144-1499,B
871,Shawna,Stivers,sstiverso6@domainmarket.com,814-521-0853,S
872,Link,Buxsey,lbuxseyo7@youtu.be,986-353-4885,G
873,Babbette,Cominotti,bcominottio8@php.net,395-322-5152,S
874,Tova,Sheather,tsheathero9@artisteer.com,618-476-2595,G
875,Kellby,Artois,kartoisoa@time.com,582-315-4145,G
876,Shannon,Wallenger,swallengerob@macromedia.com,561-852-2248,B
877,Alexandro,Samett,asamettoc@ed.gov,744-318-8572,S
878,Calida,Gannaway,cgannawayod@mlb.com,646-576-3425,S
879,Roscoe,Pierce,rpierceoe@amazon.co.uk,857-148-2739,G
880,Saundra,Gerler,sgerlerof@myspace.com,243-132-0383,S
881,Kaila,Slight,kslightog@baidu.com,813-622-4667,G
882,Jard,Restill,jrestilloh@acquirethisname.com,583-499-4449,G
883,Beverlie,Gibby,bgibbyoi@4shared.com,276-268-1208,B
884,Terra,Wethey,twetheyoj@nih.gov,235-243-3010,S
885,Emera,Row,erowok@huffingtonpost.com,734-368-4412,S
886,Reta,Imison,rimisonol@tamu.edu,313-315-0263,B
887,Eulalie,Korb,ekorbom@jalbum.net,472-388-0669,B
888,Yorgos,Diffley,ydiffleyon@sfgate.com,868-298-7785,G
889,Eustace,Yukhov,eyukhovoo@arstechnica.com,985-287-7492,S
890,Chauncey,Gerlack,cgerlackop@dell.com,481-657-1217,G
891,Leslie,Bowser,lbowseroq@ycombinator.com,524-385-6547,G
892,Jordan,Breede,jbreedeor@163.com,210-970-7144,B
893,Zollie,Moreno,zmorenoos@rakuten.co.jp,139-481-1530,G
894,Cy,Stapford,cstapfordot@ft.com,941-956-8331,G
895,Hilary,Habbal,hhabbalou@trellian.com,271-435-1007,G
896,Sherry,Farlow,sfarlowov@surveymonkey.com,912-763-0570,G
897,Cleveland,Bloan,cbloanow@instagram.com,886-874-2508,B
898,Horatio,Cowpe,hcowpeox@twitpic.com,194-521-3765,B
899,Douglass,Rathbone,drathboneoy@vimeo.com,159-380-1958,G
900,Caressa,Seakes,cseakesoz@360.cn,868-592-1925,S
901,Alisa,Yeell,ayeellp0@msu.edu,917-973-8368,G
902,Vonny,Collar,vcollarp1@fc2.com,924-259-7981,B
903,Meredeth,Gatrill,mgatrillp2@sciencedirect.com,307-611-7288,S
904,Stillmann,Heining,sheiningp3@ox.ac.uk,881-159-7053,G
905,Lise,Larwell,llarwellp4@posterous.com,806-121-3818,B
906,Thedrick,Bewlay,tbewlayp5@sciencedirect.com,722-513-1754,G
907,Coraline,Gerding,cgerdingp6@engadget.com,318-144-3834,G
908,Ulrika,Spadeck,uspadeckp7@flavors.me,144-635-7512,G
909,Gilles,Agate,gagatep8@booking.com,643-411-7552,S
910,Lilli,Nicklinson,lnicklinsonp9@blogtalkradio.com,125-777-8999,G
911,Donnell,Chiswell,dchiswellpa@over-blog.com,586-852-6241,S
912,Chrisse,Tinwell,ctinwellpb@cdc.gov,317-372-8887,B
913,Mollee,Jaskiewicz,mjaskiewiczpc@barnesandnoble.com,851-198-3705,B
914,Tonia,Simonetti,tsimonettipd@shareasale.com,689-249-4056,B
915,Findley,Kornyakov,fkornyakovpe@sina.com.cn,533-895-7700,G
916,Carmon,Franc,cfrancpf@tamu.edu,500-357-9122,G
917,Mathew,Ludovico,mludovicopg@meetup.com,174-628-0808,G
918,Pansy,Perott,pperottph@sphinn.com,313-466-3961,S
919,Alfreda,Brackpool,abrackpoolpi@ftc.gov,484-550-2704,S
920,Vinny,Nail,vnailpj@eventbrite.com,837-799-6202,B
921,Deny,Ulyet,dulyetpk@biblegateway.com,341-182-1024,B
922,Jereme,Moger,jmogerpl@cyberchimps.com,136-656-4648,G
923,Frazier,Hustings,fhustingspm@gnu.org,419-402-7954,G
924,Ciel,Tarbet,ctarbetpn@elegantthemes.com,460-230-8154,S
925,Lalo,Adamsen,ladamsenpo@123-reg.co.uk,910-748-0855,B
926,Janot,Mashal,jmashalpp@google.co.jp,776-811-3766,G
927,Tod,Buckel,tbuckelpq@comsenz.com,541-719-4207,G
928,Tull,Trusty,ttrustypr@wunderground.com,679-996-0764,G
929,Peggi,Benjamin,pbenjaminps@sbwire.com,817-493-6189,G
930,Forbes,Reye,freyept@myspace.com,791-386-6440,G
931,Bartolemo,Gumbley,bgumbleypu@sina.com.cn,508-321-0689,G
932,Teodorico,Cabane,tcabanepv@live.com,509-939-3591,B
933,Parnell,Chaloner,pchalonerpw@edublogs.org,614-191-1319,G
934,Fredrick,Grocock,fgrocockpx@ocn.ne.jp,747-239-3294,G
935,Elke,Savine,esavinepy@posterous.com,324-289-0910,S
936,Tobi,Stuer,tstuerpz@cbc.ca,567-631-9829,G
937,Eugenie,Sanja,esanjaq0@phpbb.com,915-205-1686,B
938,Linell,Standing,lstandingq1@bizjournals.com,738-224-0325,S
939,Toma,Exter,texterq2@springer.com,896-186-0591,S
940,Ines,Phette,iphetteq3@list-manage.com,453-618-2637,B
941,Shurwood,Druery,sdrueryq4@wordpress.org,832-115-2896,S
942,Marissa,Longfellow,mlongfellowq5@cisco.com,989-413-1725,G
943,Fleurette,Dreus,fdreusq6@dailymail.co.uk,444-544-3110,G
944,Codie,O'Kieran,cokieranq7@twitpic.com,979-484-8324,G
945,Cordelia,Seiller,cseillerq8@skyrock.com,477-223-5343,G
946,Westley,Tarbert,wtarbertq9@elegantthemes.com,672-518-1315,G
947,Braden,Danshin,bdanshinqa@pinterest.com,374-855-6162,S
948,Olympia,Starrs,ostarrsqb@answers.com,577-734-9636,B
949,Kaja,Kaas,kkaasqc@e-recht24.de,632-108-8283,G
950,Faulkner,Pree,fpreeqd@vimeo.com,845-811-5787,G
951,Lucilia,Farre,lfarreqe@hao123.com,100-671-2899,S
952,Nataniel,Bruhke,nbruhkeqf@deliciousdays.com,442-805-5891,G
953,Ruperto,Severy,rseveryqg@blogtalkradio.com,314-657-6118,B
954,Dorolice,Zebedee,dzebedeeqh@amazon.com,574-823-0945,G
955,Alick,Radenhurst,aradenhurstqi@wiley.com,742-571-7396,G
956,Lynnell,Seeman,lseemanqj@aol.com,742-765-4864,G
957,Gilberto,Fairley,gfairleyqk@forbes.com,370-830-7648,G
958,Berri,Tabary,btabaryql@auda.org.au,598-549-3538,S
959,Albie,Yetton,ayettonqm@4shared.com,326-144-3637,B
960,Pamela,Lichfield,plichfieldqn@uol.com.br,725-109-9043,B
961,Norina,Burbury,nburburyqo@netscape.com,712-521-9500,S
962,Alwin,Feye,afeyeqp@163.com,536-889-7207,S
963,Corinna,Gilleson,cgillesonqq@scribd.com,626-591-9686,G
964,Waldon,Lafflina,wlafflinaqr@sciencedirect.com,897-828-7557,G
965,Ysabel,Mitchard,ymitchardqs@live.com,103-161-2349,B
966,Cyrillus,Kissell,ckissellqt@alibaba.com,206-579-9121,S
967,Agosto,Sadat,asadatqu@harvard.edu,774-282-5101,B
968,Tad,Wenn,twennqv@ox.ac.uk,454-389-1735,S
969,Elita,Acton,eactonqw@biglobe.ne.jp,419-704-3946,B
970,Nollie,McCollum,nmccollumqx@umich.edu,783-635-4873,G
971,Lilly,Stollberg,lstollbergqy@cpanel.net,692-187-8873,B
972,Elana,Lealle,elealleqz@accuweather.com,136-907-6667,G
973,Elaina,Moulson,emoulsonr0@gizmodo.com,374-180-6512,G
974,Jannel,Threadkell,jthreadkellr1@slate.com,572-214-9665,G
975,Katinka,Furbank,kfurbankr2@archive.org,442-838-4875,B
976,Danyelle,Morritt,dmorrittr3@seattletimes.com,652-226-1423,G
977,Neil,Clipston,nclipstonr4@auda.org.au,998-895-6375,G
978,Trev,Davidof,tdavidofr5@wisc.edu,178-824-2967,B
979,Kristina,Pie,kpier6@indiegogo.com,599-490-3931,G
980,Culver,Rainsbury,crainsburyr7@mail.ru,294-411-6187,S
981,Xever,Long,xlongr8@dedecms.com,770-286-5668,G
982,Berky,Hedworth,bhedworthr9@google.co.jp,174-779-2057,B
983,Falito,Dumper,fdumperra@facebook.com,890-828-8058,G
984,Ray,Imeson,rimesonrb@fotki.com,441-683-5427,B
985,Rollie,Peterken,rpeterkenrc@paginegialle.it,460-293-9388,G
986,Adria,Sherar,asherarrd@mac.com,942-792-2434,G
987,Jessi,Le Houx,jlehouxre@livejournal.com,479-252-2786,S
988,Hendrika,Kelwick,hkelwickrf@mac.com,866-528-6001,G
989,Roderic,Halligan,rhalliganrg@altervista.org,159-441-3929,B
990,Joan,Fidock,jfidockrh@ocn.ne.jp,348-812-0565,B
991,Maegan,Letertre,mletertreri@bloglovin.com,536-242-9116,B
992,Pepi,Mars,pmarsrj@icq.com,719-126-6871,G
993,Cletus,Knappett,cknappettrk@cdbaby.com,893-210-2115,B
994,Gib,Couronne,gcouronnerl@oaic.gov.au,332-836-9264,S
995,Tandy,Yakunikov,tyakunikovrm@bloglines.com,687-189-5968,B
996,Ulises,MacTrustram,umactrustramrn@about.me,322-626-2883,G
997,Susann,McGooch,smcgoochro@fema.gov,725-550-2326,G
998,Towny,Paschke,tpaschkerp@netscape.com,920-625-8443,S
999,Myrtice,Asch,maschrq@bandcamp.com,230-156-9758,G
1000,Matthew,Marunchak,mmarunchakrr@sphinn.com,656-387-9299,B
